{
  "NORMAL": {
    "precision": 0.953125,
    "recall": 0.5213675213675214,
    "f1-score": 0.6740331491712708,
    "support": 234.0
  },
  "PNEUMONIA": {
    "precision": 0.7741935483870968,
    "recall": 0.9846153846153847,
    "f1-score": 0.8668171557562077,
    "support": 390.0
  },
  "accuracy": 0.8108974358974359,
  "macro avg": {
    "precision": 0.8636592741935484,
    "recall": 0.752991452991453,
    "f1-score": 0.7704251524637392,
    "support": 624.0
  },
  "weighted avg": {
    "precision": 0.8412928427419356,
    "recall": 0.8108974358974359,
    "f1-score": 0.7945231532868563,
    "support": 624.0
  }
}